application_id,loan_purpose_category,loan_purpose_text,reviewer_readiness_output,reviewer_issue_code,reviewer_evidence_fields,reviewer_confidence_high_medium_low,reviewer_notes
APP_0286,EDUCATION,My son's tuition and tutoring fees are already covered for the next term. I intend to use this loan first to buy him a used motorcycle for his delivery work.,,,,,
APP_0287,MEDICAL_EXPENSE,The hospital confirmed that insurance has paid the surgery bill. I now plan to use the loan to complete the extension of a room at our family house.,,,,,
APP_0288,SMALL_BUSINESS,I will transfer the money to my cousin's new cryptocurrency trading account because he expects the investment to double within three months. I will not own or operate the account.,,,,,
APP_0289,HOME_REPAIR,The contractor has postponed the renovation indefinitely and returned my deposit. I now intend to use the loan for flights and hotel costs for a family holiday.,,,,,
APP_0290,DEBT_CONSOLIDATION,All of my existing debts were settled last month. I plan to use the loan as my stake in several high-value card games at a casino.,,,,,
APP_0291,SMALL_BUSINESS,The supplier has already extended enough credit to cover my shop inventory. I will transfer this loan to my son so that he can pay the deposit on his personal apartment.,,,,,
APP_0292,HOME_REPAIR,No repair work will be carried out this year. I will place the borrowed money in futures contracts first and hope that any profit can pay for a renovation later.,,,,,
APP_0293,VEHICLE,"The mechanic confirmed that my current truck can remain in service for another year, so I have cancelled the replacement. I intend to contribute the loan to the construction fund for a local temple.",,,,,
APP_0294,VEHICLE,I cancelled the vehicle order after submitting the form. Most of the loan will instead be transferred to my cousin to cover the first three months of his new company's operating expenses.,,,,,
APP_0295,DEBT_CONSOLIDATION,The lenders confirmed that my outstanding balances have already been paid. I intend to use the loan to buy a newly issued cryptocurrency while its price is still low.,,,,,
APP_0296,EDUCATION,The school has granted a full fee deferment for the coming term. The loan will now be used for my elderly relative's urgent hospital procedure.,,,,,
APP_0297,MEDICAL_EXPENSE,The clinic confirmed that no treatment is required. I intend to spend the loan on a studio photography package and luxury cosmetics for a personal makeover.,,,,,
APP_0298,SMALL_BUSINESS,"My supplier has already delivered the shop inventory on credit, so the business does not need this money. I will use the loan to repay several overdue personal online loans.",,,,,
APP_0299,DEBT_CONSOLIDATION,The lenders have confirmed that all of my balances are already settled. I will transfer the entire loan to my relative's overseas fish-farming project as an investment.,,,,,
APP_0300,EDUCATION,The course was cancelled and the fee was refunded. I will now keep the loan for my partner's medical tests and the treatment recommended after those tests.,,,,,
